1,Tecnodreams,30,Breno,1
2,Tecnodreams,30,Breno,1
3,Tecnodreams,30,Breno,1
4,Jagunço Batismo de Sangue,30,Breno,1
5,Jagunço Batismo de Sangue,30,Breno,1
6,Escafandro: O Vampiro,20,Breno,1
7,Escafandro: O Vampiro,20,Breno,1
8,Escafandro: O Vampiro,20,Breno,1
9,Escafandro: O Vampiro,20,Breno,1
10,Escafandro: O Crime de Lorde Arthur Saville,20,Breno,1
11,Escafandro: O Crime de Lorde Arthur Saville,20,Breno,1
12,Escafandro: A Vida Eterna,20,Breno,1
13,Escafandro: A Vida Eterna,20,Breno,1
14,Escafandro: A Vida Eterna,20,Breno,1
15,Slun Dunk 18 Edições,230,Leo,1
16,Hellblazer Origens Vol. 1,20,Leo,1
17,Hellblazer Origens Vol. 2,20,Leo,1
18,Shinigami Death Note,50,Leo,1
19,Beatles Rock Band,5,Leo,1
20,Blu-ray Homem Formiga,5,Leo,1
21,Blu-ray Vingadores,5,Leo,1
22,Camisa Naruto Tamanho G,50,Tiago,1
23,Camisa One Piece Tamanho G,50,Tiago,1
24,Camisa Naruto Tamanho M,50,Tiago,1
25,Camisa Jujutsu Tamanho M,50,Tiago,1
26,Camisa Boku no Hero Tamanho M,50,Tiago,1
27,Camisa Boruto Tamanho M,50,Tiago,1
28,Camisa One Piece Tamanho M,50,Tiago,1
29,Camisa Jujutsu Tamanho M,50,Tiago,1
30,Camisa Jujutsu Tamanho P,50,Tiago,1
31,Camisa Boku no Hero Tamanho P,50,Tiago,1
32,Chaveiro Homem-Formiga,15,Noély,1
33,Pin Vingadores,25,Noély,1
34,Ovoides,35,Noély,1
35,Base Marvel,15,Noély,1
36,Espada WW,40,Noély,1
37,Quebra-cabeça Batman,45,Noély,1
38,Livro Alien,25,Noély,1
39,Revista Omelete Box,5,Noély,1
40,Revista Omelete Box,5,Noély,1
41,Revista Omelete Box,5,Noély,1
42,Revista Omelete Box,5,Noély,1
43,Revista Omelete Box,5,Noély,1
44,Revista Omelete Box,5,Noély,1
45,Revista Omelete Box,5,Noély,1
46,Revista Omelete Box,5,Noély,1
47,Com 5 Revistas Omelete Box,20,Noély,1
48,Poster Rafael Albuquerque,10,Noély,1
49,Poster Rafael Albuquerque,10,Noély,1
50,Poster Rafael Albuquerque,10,Noély,1
51,Poster Rafael Albuquerque,10,Noély,1
52,Poster Rafael Albuquerque,10,Noély,1
53,Poster Rafael Albuquerque,10,Noély,1
54,Poster Rafael Albuquerque,10,Noély,1
55,Poster Omelete Aquaman,30,Noély,1
56,Poster Omelete Homem-Formiga,30,Noély,1
57,Poster Omelete Vilões Gotham,30,Noély,1
58,Poster Omelete Hulk Gladiador,30,Noély,1
59,Poster Omelete Thor,30,Noély,1
60,Poster Omelete Supergirl,30,Noély,1
61,Poster Omelete Batman DK,30,Noély,1
62,Poster Omelete Coringa,30,Noély,1
63,Poster Omelete Hawk Girl,30,Noély,1
64,Poster Omelete Stormtrooper,30,Noély,1
65,Poster Omelete Hela,30,Noély,1
66,Poster Omelete Rocket Racoon,30,Noély,1
67,Poster Omelete Pantera Negra,30,Noély,1
68,Poster Omelete Batrangue,30,Noély,1
69,Poster Omelete Batmóvel,30,Noély,1
